strategy,h,placebo,all 7.01,7.01 x top skew,placebo x top skew,gap,t
stock,10,0.54,0.49,1.24,0.54,0.7,0.94
stock,21,1.47,1.54,1.85,0.75,1.1,0.9
long_call,10,-0.09,-0.09,0.19,-0.1,0.29,0.62
long_call,21,0.47,0.49,0.62,0.08,0.54,0.71
covered_call,10,0.17,0.1,0.59,0.23,0.36,0.77
covered_call,21,0.55,0.61,0.74,0.15,0.59,0.78
protective_put,10,0.28,0.21,0.73,0.34,0.39,0.67
protective_put,21,1.04,0.98,1.25,0.69,0.56,0.61
collar,10,-0.12,-0.22,0.04,-0.04,0.07,0.27
collar,21,0.13,0.1,0.18,0.12,0.05,0.14
cash_secured_put,10,0.01,0.01,0.23,-0.01,0.24,1.06
cash_secured_put,21,0.19,0.17,0.2,-0.14,0.34,0.77
