otm,haircut,h,event_%,gap_%,t
0.03,0.0,10,0.76,0.32,0.58
0.03,0.0,21,1.39,0.63,0.72
0.03,0.02,10,0.58,0.3,0.54
0.03,0.02,21,1.21,0.61,0.69
0.03,0.03,10,0.49,0.29,0.51
0.03,0.03,21,1.12,0.59,0.67
0.03,0.05,10,0.32,0.27,0.47
0.03,0.05,21,0.93,0.57,0.64
0.05,0.0,10,0.88,0.41,0.7
0.05,0.0,21,1.4,0.58,0.63
0.05,0.02,10,0.73,0.39,0.67
0.05,0.02,21,1.25,0.56,0.61
0.05,0.03,10,0.66,0.38,0.66
0.05,0.03,21,1.18,0.55,0.6
0.05,0.05,10,0.51,0.37,0.63
0.05,0.05,21,1.03,0.54,0.58
0.1,0.0,10,0.95,0.25,0.4
0.1,0.0,21,1.54,0.88,0.86
0.1,0.02,10,0.85,0.24,0.37
0.1,0.02,21,1.44,0.86,0.85
0.1,0.03,10,0.8,0.23,0.36
0.1,0.03,21,1.39,0.86,0.84
0.1,0.05,10,0.7,0.22,0.34
0.1,0.05,21,1.29,0.84,0.82
